obs,date,year,month,day,obs_time,longitude,latitude,sampling_period,locality,site,bar,station,lick,vessel,gear,size_class_1,size_class_2,size_class_3
1,2020-08-25 16:29,2020,8,25,16:29,-83.112156,29.261495,Pre-Season,LC,O,9D,LCO9D,1,Gerald Allen,101 x 94 - 18,7,31,33
2,2020-08-25 16:32,2020,8,25,16:32,-83.112239,29.261508,Pre-Season,LC,O,9D,LCO9D,2,Gerald Allen,101 x 94 - 18,0,6,8
3,2020-08-25 16:33,2020,8,25,16:33,-83.11243,29.261418,Pre-Season,LC,O,9D,LCO9D,3,Gerald Allen,101 x 94 - 18,5,14,26
4,2020-08-25 16:34,2020,8,25,16:34,-83.112449,29.26143,Pre-Season,LC,O,9D,LCO9D,4,Gerald Allen,101 x 94 - 18,4,40,31
5,2020-08-25 16:37,2020,8,25,16:37,-83.112509,29.261381,Pre-Season,LC,O,9D,LCO9D,5,Gerald Allen,101 x 94 - 18,3,18,14
6,2020-08-25 16:38,2020,8,25,16:38,-83.112566,29.261345,Pre-Season,LC,O,9D,LCO9D,6,Gerald Allen,101 x 94 - 18,8,28,27
7,2020-08-25 16:38,2020,8,25,16:38,-83.112583,29.261332,Pre-Season,LC,O,9D,LCO9D,7,Gerald Allen,101 x 94 - 18,18,40,33
8,2020-08-25 16:43,2020,8,25,16:43,-83.112191,29.261564,Pre-Season,LC,O,9D,LCO9D,8,Gerald Allen,101 x 94 - 18,12,52,17
9,2020-08-25 16:45,2020,8,25,16:45,-83.112257,29.261515,Pre-Season,LC,O,9D,LCO9D,9,Gerald Allen,101 x 94 - 18,4,16,12
10,2020-08-25 16:48,2020,8,25,16:48,-83.112282,29.261506,Pre-Season,LC,O,9D,LCO9D,10,Gerald Allen,101 x 94 - 18,6,30,27
11,2020-08-25 16:48,2020,8,25,16:48,-83.11228,29.261499,Pre-Season,LC,O,9D,LCO9D,11,Gerald Allen,101 x 94 - 18,10,29,13
12,2020-08-25 16:50,2020,8,25,16:50,-83.112306,29.261486,Pre-Season,LC,O,9D,LCO9D,12,Gerald Allen,101 x 94 - 18,27,26,27
13,2020-08-25 16:55,2020,8,25,16:55,-83.112079,29.261596,Pre-Season,LC,O,9D,LCO9D,13,Gerald Allen,101 x 94 - 18,20,48,38
14,2020-08-25 16:57,2020,8,25,16:57,-83.112156,29.261564,Pre-Season,LC,O,9D,LCO9D,14,Gerald Allen,101 x 94 - 18,19,22,25
15,2020-08-25 17:00,2020,8,25,17:00,-83.112166,29.261567,Pre-Season,LC,O,9D,LCO9D,15,Gerald Allen,101 x 94 - 18,8,17,29
16,2020-08-25 17:01,2020,8,25,17:01,-83.112158,29.261567,Pre-Season,LC,O,9D,LCO9D,16,Gerald Allen,101 x 94 - 18,8,20,25
17,2020-08-25 17:03,2020,8,25,17:03,-83.112162,29.261558,Pre-Season,LC,O,9D,LCO9D,17,Gerald Allen,101 x 94 - 18,20,47,35
18,2020-08-25 17:05,2020,8,25,17:05,-83.112176,29.26157,Pre-Season,LC,O,9D,LCO9D,18,Gerald Allen,101 x 94 - 18,10,19,11
19,2020-08-25 17:06,2020,8,25,17:06,-83.112175,29.26157,Pre-Season,LC,O,9D,LCO9D,19,Gerald Allen,101 x 94 - 18,12,42,19
20,2020-08-25 17:08,2020,8,25,17:08,-83.112172,29.261586,Pre-Season,LC,O,9D,LCO9D,20,Gerald Allen,101 x 94 - 18,25,43,34
21,2020-08-25 17:10,2020,8,25,17:10,-83.112176,29.261576,Pre-Season,LC,O,9D,LCO9D,21,Gerald Allen,101 x 94 - 18,12,18,16
22,2020-08-25 17:12,2020,8,25,17:12,-83.11218,29.261579,Pre-Season,LC,O,9D,LCO9D,22,Gerald Allen,101 x 94 - 18,18,35,27
23,2020-08-25 17:14,2020,8,25,17:14,-83.112175,29.261559,Pre-Season,LC,O,9D,LCO9D,23,Gerald Allen,101 x 94 - 18,10,16,17
24,2020-08-25 17:15,2020,8,25,17:15,-83.112179,29.261574,Pre-Season,LC,O,9D,LCO9D,24,Gerald Allen,101 x 94 - 18,5,26,25
25,2020-08-25 17:17,2020,8,25,17:17,-83.112181,29.261564,Pre-Season,LC,O,9D,LCO9D,25,Gerald Allen,101 x 94 - 18,12,25,17
26,2020-08-25 17:19,2020,8,25,17:19,-83.112176,29.26157,Pre-Season,LC,O,9D,LCO9D,26,Gerald Allen,101 x 94 - 18,4,7,2
27,2020-08-25 17:19,2020,8,25,17:19,-83.112172,29.261564,Pre-Season,LC,O,9D,LCO9D,27,Gerald Allen,101 x 94 - 18,8,31,16
28,2020-08-25 17:20,2020,8,25,17:20,-83.112209,29.261546,Pre-Season,LC,O,9D,LCO9D,28,Gerald Allen,101 x 94 - 18,14,37,15
29,2020-08-25 17:23,2020,8,25,17:23,-83.11222874,29.26156025,Pre-Season,LC,O,9D,LCO9D,29,Gerald Allen,101 x 94 - 18,18,35,33
30,2020-08-25 17:26,2020,8,25,17:26,-83.11224491,29.26156855,Pre-Season,LC,O,9D,LCO9D,30,Gerald Allen,101 x 94 - 18,0,15,13
31,2020-08-25 15:05,2020,8,25,15:05,-83.06956,29.236273,Pre-Season,LC,I,37,LCI37,1,Gerald Allen,101 x 94 - 18,0,11,0
32,2020-08-25 15:08,2020,8,25,15:08,-83.0695,29.236281,Pre-Season,LC,I,37,LCI37,2,Gerald Allen,101 x 94 - 18,0,9,4
33,2020-08-25 15:08,2020,8,25,15:08,-83.0695,29.236298,Pre-Season,LC,I,37,LCI37,3,Gerald Allen,101 x 94 - 18,0,16,1
34,2020-08-25 15:09,2020,8,25,15:09,-83.069509,29.23629,Pre-Season,LC,I,37,LCI37,4,Gerald Allen,101 x 94 - 18,0,10,3
35,2020-08-25 15:10,2020,8,25,15:10,-83.069498,29.236317,Pre-Season,LC,I,37,LCI37,5,Gerald Allen,101 x 94 - 18,0,19,2
36,2020-08-25 15:12,2020,8,25,15:12,-83.069532,29.236316,Pre-Season,LC,I,37,LCI37,6,Gerald Allen,101 x 94 - 18,0,12,1
37,2020-08-25 15:13,2020,8,25,15:13,-83.06953,29.236314,Pre-Season,LC,I,37,LCI37,7,Gerald Allen,101 x 94 - 18,0,15,6
38,2020-08-25 15:14,2020,8,25,15:14,-83.069528,29.236326,Pre-Season,LC,I,37,LCI37,8,Gerald Allen,101 x 94 - 18,4,6,6
39,2020-08-25 15:15,2020,8,25,15:15,-83.069542,29.236308,Pre-Season,LC,I,37,LCI37,9,Gerald Allen,101 x 94 - 18,3,6,1
40,2020-08-25 15:21,2020,8,25,15:21,-83.069531,29.236178,Pre-Season,LC,I,37,LCI37,10,Gerald Allen,101 x 94 - 18,1,5,2
41,2020-08-25 15:22,2020,8,25,15:22,-83.069519,29.236177,Pre-Season,LC,I,37,LCI37,11,Gerald Allen,101 x 94 - 18,1,4,6
42,2020-08-25 15:22,2020,8,25,15:22,-83.069516,29.236183,Pre-Season,LC,I,37,LCI37,12,Gerald Allen,101 x 94 - 18,0,0,1
43,2020-08-25 15:24,2020,8,25,15:24,-83.069483,29.236309,Pre-Season,LC,I,37,LCI37,13,Gerald Allen,101 x 94 - 18,1,8,3
44,2020-08-25 15:25,2020,8,25,15:25,-83.069483,29.23631,Pre-Season,LC,I,37,LCI37,14,Gerald Allen,101 x 94 - 18,2,5,2
45,2020-08-25 15:25,2020,8,25,15:25,-83.069486,29.236309,Pre-Season,LC,I,37,LCI37,15,Gerald Allen,101 x 94 - 18,3,8,3
46,2020-08-25 15:27,2020,8,25,15:27,-83.069479,29.236315,Pre-Season,LC,I,37,LCI37,16,Gerald Allen,101 x 94 - 18,3,9,3
47,2020-08-25 15:28,2020,8,25,15:28,-83.069513,29.236326,Pre-Season,LC,I,37,LCI37,17,Gerald Allen,101 x 94 - 18,3,9,0
48,2020-08-25 15:33,2020,8,25,15:33,-83.069187,29.235271,Pre-Season,LC,I,2,LCI2,18,Gerald Allen,101 x 94 - 18,2,4,3
49,2020-08-25 15:35,2020,8,25,15:35,-83.069315,29.235332,Pre-Season,LC,I,2,LCI2,19,Gerald Allen,101 x 94 - 18,1,5,2
50,2020-08-25 15:36,2020,8,25,15:36,-83.069317,29.235331,Pre-Season,LC,I,2,LCI2,20,Gerald Allen,101 x 94 - 18,10,22,17
51,2020-08-25 15:38,2020,8,25,15:38,-83.069335,29.235323,Pre-Season,LC,I,2,LCI2,21,Gerald Allen,101 x 94 - 18,13,24,6
52,2020-08-25 15:41,2020,8,25,15:41,-83.069347,29.235324,Pre-Season,LC,I,2,LCI2,22,Gerald Allen,101 x 94 - 18,5,14,14
53,2020-08-25 15:44,2020,8,25,15:44,-83.069377,29.235341,Pre-Season,LC,I,2,LCI2,23,Gerald Allen,101 x 94 - 18,3,15,13
54,2020-08-25 15:44,2020,8,25,15:44,-83.069376,29.235349,Pre-Season,LC,I,2,LCI2,24,Gerald Allen,101 x 94 - 18,3,8,7
55,2020-08-25 15:46,2020,8,25,15:46,-83.069285,29.235264,Pre-Season,LC,I,2,LCI2,25,Gerald Allen,101 x 94 - 18,3,2,4
56,2020-08-25 15:47,2020,8,25,15:47,-83.069358,29.235294,Pre-Season,LC,I,2,LCI2,26,Gerald Allen,101 x 94 - 18,1,4,3
57,2020-08-25 15:51,2020,8,25,15:51,-83.069347,29.235271,Pre-Season,LC,I,2,LCI2,27,Gerald Allen,101 x 94 - 18,1,7,3
58,2020-08-25 15:56,2020,8,25,15:56,-83.069277,29.2353,Pre-Season,LC,I,2,LCI2,28,Gerald Allen,101 x 94 - 18,3,18,14
59,2020-08-25 15:59,2020,8,25,15:59,-83.069282,29.235301,Pre-Season,LC,I,2,LCI2,29,Gerald Allen,101 x 94 - 18,3,10,9
60,2020-08-25 16:02,2020,8,25,16:02,-83.069409,29.235335,Pre-Season,LC,I,2,LCI2,30,Gerald Allen,101 x 94 - 18,5,11,13
61,2020-08-25 15:05,2020,8,25,15:05,-83.07635724,29.23021081,Pre-Season,LC,I,35,LCI35,1,Jordan Adams,104 x 85 - 18,11,0,1
62,2020-08-25 15:07,2020,8,25,15:07,-83.07603685,29.23009878,Pre-Season,LC,I,35,LCI35,2,Jordan Adams,104 x 85 - 18,6,0,3
63,2020-08-25 15:11,2020,8,25,15:11,-83.0760366,29.2301106,Pre-Season,LC,I,35,LCI35,3,Jordan Adams,104 x 85 - 18,11,0,2
64,2020-08-25 15:13,2020,8,25,15:13,-83.07606175,29.23012954,Pre-Season,LC,I,35,LCI35,4,Jordan Adams,104 x 85 - 18,0,0,6
65,2020-08-25 15:13,2020,8,25,15:13,-83.0760625,29.23013122,Pre-Season,LC,I,35,LCI35,5,Jordan Adams,104 x 85 - 18,3,0,2
66,2020-08-25 15:15,2020,8,25,15:15,-83.07608069,29.23013474,Pre-Season,LC,I,35,LCI35,6,Jordan Adams,104 x 85 - 18,7,0,7
67,2020-08-25 15:15,2020,8,25,15:15,-83.07607943,29.23013893,Pre-Season,LC,I,35,LCI35,7,Jordan Adams,104 x 85 - 18,7,0,5
68,2020-08-25 15:16,2020,8,25,15:16,-83.07607943,29.23013893,Pre-Season,LC,I,35,LCI35,8,Jordan Adams,104 x 85 - 18,6,0,6
69,2020-08-25 15:16,2020,8,25,15:16,-83.07607415,29.23013499,Pre-Season,LC,I,35,LCI35,9,Jordan Adams,104 x 85 - 18,1,0,1
70,2020-08-25 15:18,2020,8,25,15:18,-83.07608203,29.23013734,Pre-Season,LC,I,35,LCI35,10,Jordan Adams,104 x 85 - 18,1,0,6
71,2020-08-25 15:18,2020,8,25,15:18,-83.07609636,29.23014094,Pre-Season,LC,I,35,LCI35,11,Jordan Adams,104 x 85 - 18,1,0,6
72,2020-08-25 15:19,2020,8,25,15:19,-83.07614339,29.23014295,Pre-Season,LC,I,35,LCI35,12,Jordan Adams,104 x 85 - 18,2,1,1
73,2020-08-25 15:20,2020,8,25,15:20,-83.07618555,29.23011898,Pre-Season,LC,I,35,LCI35,13,Jordan Adams,104 x 85 - 18,4,1,4
74,2020-08-25 15:21,2020,8,25,15:21,-83.07619418,29.23012845,Pre-Season,LC,I,35,LCI35,14,Jordan Adams,104 x 85 - 18,6,0,3
75,2020-08-25 15:23,2020,8,25,15:23,-83.07620374,29.23016005,Pre-Season,LC,I,35,LCI35,15,Jordan Adams,104 x 85 - 18,1,0,3
76,2020-08-25 15:23,2020,8,25,15:23,-83.07619225,29.23016022,Pre-Season,LC,I,35,LCI35,16,Jordan Adams,104 x 85 - 18,4,0,9
77,2020-08-25 15:24,2020,8,25,15:24,-83.07619544,29.23014865,Pre-Season,LC,I,35,LCI35,17,Jordan Adams,104 x 85 - 18,1,0,4
78,2020-08-25 15:24,2020,8,25,15:24,-83.07621254,29.23012124,Pre-Season,LC,I,35,LCI35,18,Jordan Adams,104 x 85 - 18,1,0,8
79,2020-08-25 15:25,2020,8,25,15:25,-83.07621715,29.23011093,Pre-Season,LC,I,35,LCI35,19,Jordan Adams,104 x 85 - 18,1,0,4
80,2020-08-25 15:25,2020,8,25,15:25,-83.07620818,29.2301168,Pre-Season,LC,I,35,LCI35,20,Jordan Adams,104 x 85 - 18,6,0,0
81,2020-08-25 15:28,2020,8,25,15:28,-83.07623056,29.23013625,Pre-Season,LC,I,35,LCI35,21,Jordan Adams,104 x 85 - 18,7,0,2
82,2020-08-25 15:31,2020,8,25,15:31,-83.07625478,29.23013616,Pre-Season,LC,I,35,LCI35,22,Jordan Adams,104 x 85 - 18,0,0,1
83,2020-08-25 15:33,2020,8,25,15:33,-83.07628957,29.23014723,Pre-Season,LC,I,35,LCI35,23,Jordan Adams,104 x 85 - 18,0,0,2
84,2020-08-25 15:34,2020,8,25,15:34,-83.0763075,29.23012929,Pre-Season,LC,I,35,LCI35,24,Jordan Adams,104 x 85 - 18,3,0,0
85,2020-08-25 15:35,2020,8,25,15:35,-83.07631086,29.23016081,Pre-Season,LC,I,35,LCI35,25,Jordan Adams,104 x 85 - 18,9,1,7
86,2020-08-25 15:36,2020,8,25,15:36,-83.07636257,29.23015938,Pre-Season,LC,I,35,LCI35,26,Jordan Adams,104 x 85 - 18,9,1,6
87,2020-08-25 15:36,2020,8,25,15:36,-83.07635696,29.23017941,Pre-Season,LC,I,35,LCI35,27,Jordan Adams,104 x 85 - 18,11,2,5
88,2020-08-25 15:37,2020,8,25,15:37,-83.07635964,29.23017883,Pre-Season,LC,I,35,LCI35,28,Jordan Adams,104 x 85 - 18,4,0,3
89,2020-08-25 15:38,2020,8,25,15:38,-83.07636182,29.23017321,Pre-Season,LC,I,35,LCI35,29,Jordan Adams,104 x 85 - 18,9,0,1
90,2020-08-25 15:39,2020,8,25,15:39,-83.07635402,29.23016047,Pre-Season,LC,I,35,LCI35,30,Jordan Adams,104 x 85 - 18,4,0,2
91,2020-08-25 16:32,2020,8,25,16:32,-83.11190335,29.26176712,Pre-Season,LC,O,8C,LCO8C,1,Jordan Adams,104 x 85 - 18,2,0,0
92,2020-08-25 16:33,2020,8,25,16:33,-83.1119145,29.26177366,Pre-Season,LC,O,8C,LCO8C,2,Jordan Adams,104 x 85 - 18,1,0,1
93,2020-08-25 16:33,2020,8,25,16:33,-83.11194057,29.26177433,Pre-Season,LC,O,8C,LCO8C,3,Jordan Adams,104 x 85 - 18,10,4,9
94,2020-08-25 16:34,2020,8,25,16:34,-83.11195406,29.2617584,Pre-Season,LC,O,8C,LCO8C,4,Jordan Adams,104 x 85 - 18,16,4,26
95,2020-08-25 16:35,2020,8,25,16:35,-83.11196487,29.26174088,Pre-Season,LC,O,8C,LCO8C,5,Jordan Adams,104 x 85 - 18,16,6,14
96,2020-08-25 16:39,2020,8,25,16:39,-83.11201894,29.26172437,Pre-Season,LC,O,8C,LCO8C,6,Jordan Adams,104 x 85 - 18,23,5,19
97,2020-08-25 16:40,2020,8,25,16:40,-83.11201869,29.26173778,Pre-Season,LC,O,8C,LCO8C,7,Jordan Adams,104 x 85 - 18,11,11,22
98,2020-08-25 16:42,2020,8,25,16:42,-83.11201701,29.26172529,Pre-Season,LC,O,8C,LCO8C,8,Jordan Adams,104 x 85 - 18,6,9,18
99,2020-08-25 16:42,2020,8,25,16:42,-83.1120103,29.26173368,Pre-Season,LC,O,8C,LCO8C,9,Jordan Adams,104 x 85 - 18,4,6,8
100,2020-08-25 16:43,2020,8,25,16:43,-83.11202279,29.26172521,Pre-Season,LC,O,8C,LCO8C,10,Jordan Adams,104 x 85 - 18,14,19,17
101,2020-08-25 16:47,2020,8,25,16:47,-83.11202355,29.26172915,Pre-Season,LC,O,8C,LCO8C,11,Jordan Adams,104 x 85 - 18,3,7,5
102,2020-08-25 16:50,2020,8,25,16:50,-83.11203553,29.26173326,Pre-Season,LC,O,8C,LCO8C,12,Jordan Adams,104 x 85 - 18,3,5,11
103,2020-08-25 16:51,2020,8,25,16:51,-83.11202833,29.26173544,Pre-Season,LC,O,8C,LCO8C,13,Jordan Adams,104 x 85 - 18,11,17,30
104,2020-08-25 16:52,2020,8,25,16:52,-83.11203369,29.26174197,Pre-Season,LC,O,8C,LCO8C,14,Jordan Adams,104 x 85 - 18,11,14,14
105,2020-08-25 16:54,2020,8,25,16:54,-83.11203159,29.26173535,Pre-Season,LC,O,8C,LCO8C,15,Jordan Adams,104 x 85 - 18,4,6,19
106,2020-08-25 16:57,2020,8,25,16:57,-83.11203654,29.26172923,Pre-Season,LC,O,8C,LCO8C,16,Jordan Adams,104 x 85 - 18,4,17,10
107,2020-08-25 17:00,2020,8,25,17:00,-83.11204727,29.26173527,Pre-Season,LC,O,8C,LCO8C,17,Jordan Adams,104 x 85 - 18,0,17,17
108,2020-08-25 17:01,2020,8,25,17:01,-83.11204073,29.26172446,Pre-Season,LC,O,8C,LCO8C,18,Jordan Adams,104 x 85 - 18,2,25,14
109,2020-08-25 17:06,2020,8,25,17:06,-83.11206378,29.26173116,Pre-Season,LC,O,8C,LCO8C,19,Jordan Adams,104 x 85 - 18,2,15,12
110,2020-08-25 17:08,2020,8,25,17:08,-83.11206093,29.2617284,Pre-Season,LC,O,8C,LCO8C,20,Jordan Adams,104 x 85 - 18,22,11,14
111,2020-08-25 17:09,2020,8,25,17:09,-83.11206839,29.26172932,Pre-Season,LC,O,8C,LCO8C,21,Jordan Adams,104 x 85 - 18,1,27,35
112,2020-08-25 17:10,2020,8,25,17:10,-83.11206571,29.26173594,Pre-Season,LC,O,8C,LCO8C,22,Jordan Adams,104 x 85 - 18,3,23,9
113,2020-08-25 17:12,2020,8,25,17:12,-83.11205657,29.26172202,Pre-Season,LC,O,8C,LCO8C,23,Jordan Adams,104 x 85 - 18,13,21,26
114,2020-08-25 17:13,2020,8,25,17:13,-83.11205238,29.26172638,Pre-Season,LC,O,8C,LCO8C,24,Jordan Adams,104 x 85 - 18,21,25,14
115,2020-08-25 17:14,2020,8,25,17:14,-83.11206303,29.2617299,Pre-Season,LC,O,8C,LCO8C,25,Jordan Adams,104 x 85 - 18,11,18,10
116,2020-08-25 17:15,2020,8,25,17:15,-83.11206177,29.26172152,Pre-Season,LC,O,8C,LCO8C,26,Jordan Adams,104 x 85 - 18,14,17,24
117,2020-08-25 17:17,2020,8,25,17:17,-83.1120709,29.26173007,Pre-Season,LC,O,8C,LCO8C,27,Jordan Adams,104 x 85 - 18,14,17,9
118,2020-08-25 17:20,2020,8,25,17:20,-83.1118938,29.26185932,Pre-Season,LC,O,8C,LCO8C,28,Jordan Adams,104 x 85 - 18,7,20,7
119,2020-08-25 17:23,2020,8,25,17:23,-83.11189606,29.26188028,Pre-Season,LC,O,8C,LCO8C,29,Jordan Adams,104 x 85 - 18,24,67,23
120,2020-08-25 17:24,2020,8,25,17:24,-83.11189421,29.26185521,Pre-Season,LC,O,8C,LCO8C,30,Jordan Adams,104 x 85 - 18,24,31,14
121,2020-08-25 16:29,2020,8,25,16:29,-83.112052,29.261527,Pre-Season,LC,O,9D,LCO9D,1,Jeanine Beckham,73 x 73 - 12,6,18,8
122,2020-08-25 16:31,2020,8,25,16:31,-83.112101,29.261513,Pre-Season,LC,O,9D,LCO9D,2,Jeanine Beckham,73 x 73 - 12,4,39,37
123,2020-08-25 16:33,2020,8,25,16:33,-83.112372,29.261406,Pre-Season,LC,O,9D,LCO9D,3,Jeanine Beckham,73 x 73 - 12,7,58,22
124,2020-08-25 16:34,2020,8,25,16:34,-83.112024,29.261575,Pre-Season,LC,O,9D,LCO9D,4,Jeanine Beckham,73 x 73 - 12,4,6,8
125,2020-08-25 16:35,2020,8,25,16:35,-83.112059,29.261523,Pre-Season,LC,O,9D,LCO9D,5,Jeanine Beckham,73 x 73 - 12,168,48,24
126,2020-08-25 16:37,2020,8,25,16:37,-83.112075,29.261512,Pre-Season,LC,O,9D,LCO9D,6,Jeanine Beckham,73 x 73 - 12,101,64,22
127,2020-08-25 16:39,2020,8,25,16:39,-83.112079,29.261529,Pre-Season,LC,O,9D,LCO9D,7,Jeanine Beckham,73 x 73 - 12,4,12,18
128,2020-08-25 16:40,2020,8,25,16:40,-83.112084,29.261525,Pre-Season,LC,O,9D,LCO9D,8,Jeanine Beckham,73 x 73 - 12,42,12,27
129,2020-08-25 16:41,2020,8,25,16:41,-83.112081,29.261517,Pre-Season,LC,O,9D,LCO9D,9,Jeanine Beckham,73 x 73 - 12,61,19,57
130,2020-08-25 16:43,2020,8,25,16:43,-83.112085,29.261525,Pre-Season,LC,O,9D,LCO9D,10,Jeanine Beckham,73 x 73 - 12,40,33,34
131,2020-08-25 16:45,2020,8,25,16:45,-83.112096,29.261532,Pre-Season,LC,O,9D,LCO9D,11,Jeanine Beckham,73 x 73 - 12,24,16,4
132,2020-08-25 16:47,2020,8,25,16:47,-83.112062,29.261511,Pre-Season,LC,O,9D,LCO9D,12,Jeanine Beckham,73 x 73 - 12,24,82,28
133,2020-08-25 16:47,2020,8,25,16:47,-83.112067,29.261517,Pre-Season,LC,O,9D,LCO9D,13,Jeanine Beckham,73 x 73 - 12,76,32,11
134,2020-08-25 16:50,2020,8,25,16:50,-83.112075,29.261523,Pre-Season,LC,O,9D,LCO9D,14,Jeanine Beckham,73 x 73 - 12,89,56,31
135,2020-08-25 16:52,2020,8,25,16:52,-83.112066,29.261525,Pre-Season,LC,O,9D,LCO9D,15,Jeanine Beckham,73 x 73 - 12,461,50,28
136,2020-08-25 16:55,2020,8,25,16:55,-83.112055,29.261527,Pre-Season,LC,O,9D,LCO9D,16,Jeanine Beckham,73 x 73 - 12,260,45,19
137,2020-08-25 16:56,2020,8,25,16:56,-83.112059,29.26152,Pre-Season,LC,O,9D,LCO9D,17,Jeanine Beckham,73 x 73 - 12,32,8,21
138,2020-08-25 16:58,2020,8,25,16:58,-83.112073,29.261515,Pre-Season,LC,O,9D,LCO9D,18,Jeanine Beckham,73 x 73 - 12,87,62,14
139,2020-08-25 17:00,2020,8,25,17:00,-83.112075,29.26151,Pre-Season,LC,O,9D,LCO9D,19,Jeanine Beckham,73 x 73 - 12,77,34,8
140,2020-08-25 17:01,2020,8,25,17:01,-83.112134,29.261486,Pre-Season,LC,O,9D,LCO9D,20,Jeanine Beckham,73 x 73 - 12,91,46,18
141,2020-08-25 17:02,2020,8,25,17:02,-83.112135,29.261472,Pre-Season,LC,O,9D,LCO9D,21,Jeanine Beckham,73 x 73 - 12,40,41,22
142,2020-08-25 17:04,2020,8,25,17:04,-83.11215,29.261486,Pre-Season,LC,O,9D,LCO9D,22,Jeanine Beckham,73 x 73 - 12,50,46,16
143,2020-08-25 17:06,2020,8,25,17:06,-83.112142,29.261492,Pre-Season,LC,O,9D,LCO9D,23,Jeanine Beckham,73 x 73 - 12,32,96,24
144,2020-08-25 17:08,2020,8,25,17:08,-83.112145,29.261489,Pre-Season,LC,O,9D,LCO9D,24,Jeanine Beckham,73 x 73 - 12,22,49,18
145,2020-08-25 17:09,2020,8,25,17:09,-83.112147,29.26149,Pre-Season,LC,O,9D,LCO9D,25,Jeanine Beckham,73 x 73 - 12,39,77,12
146,2020-08-25 17:10,2020,8,25,17:10,-83.11214,29.261492,Pre-Season,LC,O,9D,LCO9D,26,Jeanine Beckham,73 x 73 - 12,111,82,31
147,2020-08-25 17:12,2020,8,25,17:12,-83.112135,29.26151,Pre-Season,LC,O,9D,LCO9D,27,Jeanine Beckham,73 x 73 - 12,14,21,37
148,2020-08-25 17:13,2020,8,25,17:13,-83.112155,29.261482,Pre-Season,LC,O,9D,LCO9D,28,Jeanine Beckham,73 x 73 - 12,44,66,19
149,2020-08-25 17:14,2020,8,25,17:14,-83.112145,29.261486,Pre-Season,LC,O,9D,LCO9D,29,Jeanine Beckham,73 x 73 - 12,38,22,10
150,2020-08-25 17:16,2020,8,25,17:16,-83.112227,29.261444,Pre-Season,LC,O,9D,LCO9D,30,Jeanine Beckham,73 x 73 - 12,60,12,4
151,2020-08-25 15:22,2020,8,25,15:22,-83.074137,29.234579,Pre-Season,LC,I,36,LCI36,1,Jeanine Beckham,73 x 73 - 12,2,7,2
152,2020-08-25 15:22,2020,8,25,15:22,-83.074195,29.234733,Pre-Season,LC,I,36,LCI36,2,Jeanine Beckham,73 x 73 - 12,3,5,0
153,2020-08-25 15:23,2020,8,25,15:23,-83.074222,29.234811,Pre-Season,LC,I,36,LCI36,3,Jeanine Beckham,73 x 73 - 12,3,3,6
154,2020-08-25 15:23,2020,8,25,15:23,-83.074022,29.234969,Pre-Season,LC,I,36,LCI36,4,Jeanine Beckham,73 x 73 - 12,2,5,2
155,2020-08-25 15:24,2020,8,25,15:24,-83.073873,29.234945,Pre-Season,LC,I,36,LCI36,5,Jeanine Beckham,73 x 73 - 12,16,31,6
156,2020-08-25 15:25,2020,8,25,15:25,-83.073873,29.23493,Pre-Season,LC,I,36,LCI36,6,Jeanine Beckham,73 x 73 - 12,12,7,8
157,2020-08-25 15:26,2020,8,25,15:26,-83.073866,29.234934,Pre-Season,LC,I,36,LCI36,7,Jeanine Beckham,73 x 73 - 12,18,17,2
158,2020-08-25 15:27,2020,8,25,15:27,-83.073833,29.234957,Pre-Season,LC,I,36,LCI36,8,Jeanine Beckham,73 x 73 - 12,16,28,6
159,2020-08-25 15:28,2020,8,25,15:28,-83.073898,29.234972,Pre-Season,LC,I,36,LCI36,9,Jeanine Beckham,73 x 73 - 12,6,20,1
160,2020-08-25 15:30,2020,8,25,15:30,-83.07385,29.234964,Pre-Season,LC,I,36,LCI36,10,Jeanine Beckham,73 x 73 - 12,18,62,8
161,2020-08-25 15:30,2020,8,25,15:30,-83.073771,29.23489,Pre-Season,LC,I,36,LCI36,11,Jeanine Beckham,73 x 73 - 12,39,9,4
162,2020-08-25 15:31,2020,8,25,15:31,-83.073773,29.234969,Pre-Season,LC,I,36,LCI36,12,Jeanine Beckham,73 x 73 - 12,29,31,6
163,2020-08-25 15:42,2020,8,25,15:42,-83.077136,29.236561,Pre-Season,LC,I,34,LCI34,13,Jeanine Beckham,73 x 73 - 12,14,6,2
164,2020-08-25 15:43,2020,8,25,15:43,-83.077155,29.236565,Pre-Season,LC,I,34,LCI34,14,Jeanine Beckham,73 x 73 - 12,32,26,2
165,2020-08-25 15:46,2020,8,25,15:46,-83.077233,29.236658,Pre-Season,LC,I,34,LCI34,15,Jeanine Beckham,73 x 73 - 12,18,23,1
166,2020-08-25 15:46,2020,8,25,15:46,-83.077208,29.236707,Pre-Season,LC,I,34,LCI34,16,Jeanine Beckham,73 x 73 - 12,14,6,0
167,2020-08-25 15:47,2020,8,25,15:47,-83.077313,29.236704,Pre-Season,LC,I,34,LCI34,17,Jeanine Beckham,73 x 73 - 12,12,20,14
168,2020-08-25 15:48,2020,8,25,15:48,-83.077318,29.236702,Pre-Season,LC,I,34,LCI34,18,Jeanine Beckham,73 x 73 - 12,6,16,4
169,2020-08-25 15:48,2020,8,25,15:48,-83.07732,29.236703,Pre-Season,LC,I,34,LCI34,19,Jeanine Beckham,73 x 73 - 12,17,18,1
170,2020-08-25 15:50,2020,8,25,15:50,-83.077323,29.23673,Pre-Season,LC,I,34,LCI34,20,Jeanine Beckham,73 x 73 - 12,19,17,10
171,2020-08-25 15:50,2020,8,25,15:50,-83.077323,29.236726,Pre-Season,LC,I,34,LCI34,21,Jeanine Beckham,73 x 73 - 12,37,16,3
172,2020-08-25 15:51,2020,8,25,15:51,-83.077314,29.23672,Pre-Season,LC,I,34,LCI34,22,Jeanine Beckham,73 x 73 - 12,31,17,10
173,2020-08-25 15:52,2020,8,25,15:52,-83.077308,29.236713,Pre-Season,LC,I,34,LCI34,23,Jeanine Beckham,73 x 73 - 12,48,22,7
174,2020-08-25 15:52,2020,8,25,15:52,-83.077306,29.236711,Pre-Season,LC,I,34,LCI34,24,Jeanine Beckham,73 x 73 - 12,42,30,6
175,2020-08-25 15:53,2020,8,25,15:53,-83.077289,29.236744,Pre-Season,LC,I,34,LCI34,25,Jeanine Beckham,73 x 73 - 12,20,18,4
176,2020-08-25 15:53,2020,8,25,15:53,-83.077295,29.236711,Pre-Season,LC,I,34,LCI34,26,Jeanine Beckham,73 x 73 - 12,146,57,21
177,2020-08-25 15:54,2020,8,25,15:54,-83.077328,29.236683,Pre-Season,LC,I,34,LCI34,27,Jeanine Beckham,73 x 73 - 12,22,27,11
178,2020-08-25 15:55,2020,8,25,15:55,-83.077307,29.236722,Pre-Season,LC,I,34,LCI34,28,Jeanine Beckham,73 x 73 - 12,11,23,6
179,2020-08-25 15:56,2020,8,25,15:56,-83.07732,29.236695,Pre-Season,LC,I,34,LCI34,29,Jeanine Beckham,73 x 73 - 12,9,22,1
180,2020-08-25 15:56,2020,8,25,15:56,-83.07732,29.236697,Pre-Season,LC,I,34,LCI34,30,Jeanine Beckham,73 x 73 - 12,6,34,4
181,2020-08-25 15:13,2020,8,25,15:13,-83.07298525,29.23520361,Pre-Season,LC,I,36,LCI36,1,Jerald Beckham,80 x 84 - 14,0,16,7
182,2020-08-25 15:13,2020,8,25,15:13,-83.07302641,29.23522163,Pre-Season,LC,I,36,LCI36,2,Jerald Beckham,80 x 84 - 14,0,13,1
183,2020-08-25 15:13,2020,8,25,15:13,-83.07324316,29.2351985,Pre-Season,LC,I,36,LCI36,3,Jerald Beckham,80 x 84 - 14,0,16,8
184,2020-08-25 15:16,2020,8,25,15:16,-83.07352756,29.23512759,Pre-Season,LC,I,36,LCI36,4,Jerald Beckham,80 x 84 - 14,0,7,3
185,2020-08-25 15:16,2020,8,25,15:16,-83.07356754,29.23512675,Pre-Season,LC,I,36,LCI36,5,Jerald Beckham,80 x 84 - 14,0,6,2
186,2020-08-25 15:20,2020,8,25,15:20,-83.0726649,29.23490312,Pre-Season,LC,I,21,LCI21,6,Jerald Beckham,80 x 84 - 14,0,6,3
187,2020-08-25 15:21,2020,8,25,15:21,-83.07273153,29.2349488,Pre-Season,LC,I,21,LCI21,7,Jerald Beckham,80 x 84 - 14,2,16,6
188,2020-08-25 15:21,2020,8,25,15:21,-83.07272399,29.23494495,Pre-Season,LC,I,21,LCI21,8,Jerald Beckham,80 x 84 - 14,1,9,11
189,2020-08-25 15:22,2020,8,25,15:22,-83.07271142,29.23496758,Pre-Season,LC,I,21,LCI21,9,Jerald Beckham,80 x 84 - 14,0,3,1
190,2020-08-25 15:24,2020,8,25,15:24,-83.07257848,29.23493841,Pre-Season,LC,I,21,LCI21,10,Jerald Beckham,80 x 84 - 14,1,9,4
191,2020-08-25 15:24,2020,8,25,15:24,-83.07260337,29.2349105,Pre-Season,LC,I,21,LCI21,11,Jerald Beckham,80 x 84 - 14,3,7,6
192,2020-08-25 15:25,2020,8,25,15:25,-83.07259725,29.23492793,Pre-Season,LC,I,21,LCI21,12,Jerald Beckham,80 x 84 - 14,1,3,2
193,2020-08-25 15:27,2020,8,25,15:27,-83.07267353,29.23491268,Pre-Season,LC,I,21,LCI21,13,Jerald Beckham,80 x 84 - 14,0,11,3
194,2020-08-25 15:28,2020,8,25,15:28,-83.07267018,29.23491821,Pre-Season,LC,I,21,LCI21,14,Jerald Beckham,80 x 84 - 14,0,11,3
195,2020-08-25 15:29,2020,8,25,15:29,-83.07265249,29.23494402,Pre-Season,LC,I,21,LCI21,15,Jerald Beckham,80 x 84 - 14,0,5,3
196,2020-08-25 15:38,2020,8,25,15:38,-83.07276531,29.23498015,Pre-Season,LC,I,21,LCI21,16,Jerald Beckham,80 x 84 - 14,0,4,8
197,2020-08-25 15:38,2020,8,25,15:38,-83.07276372,29.23497093,Pre-Season,LC,I,21,LCI21,17,Jerald Beckham,80 x 84 - 14,0,6,5
198,2020-08-25 15:42,2020,8,25,15:42,-83.07288257,29.23484612,Pre-Season,LC,I,21,LCI21,18,Jerald Beckham,80 x 84 - 14,0,7,4
199,2020-08-25 15:44,2020,8,25,15:44,-83.07291099,29.23488703,Pre-Season,LC,I,21,LCI21,19,Jerald Beckham,80 x 84 - 14,0,2,1
200,2020-08-25 15:46,2020,8,25,15:46,-83.07290185,29.2349048,Pre-Season,LC,I,21,LCI21,20,Jerald Beckham,80 x 84 - 14,2,5,4
201,2020-08-25 15:46,2020,8,25,15:46,-83.07290177,29.23488015,Pre-Season,LC,I,21,LCI21,21,Jerald Beckham,80 x 84 - 14,2,19,11
202,2020-08-25 15:45,2020,8,25,15:45,-83.07289381,29.23491578,Pre-Season,LC,I,21,LCI21,22,Jerald Beckham,80 x 84 - 14,0,7,7
203,2020-08-25 15:47,2020,8,25,15:47,-83.07287486,29.23489222,Pre-Season,LC,I,21,LCI21,23,Jerald Beckham,80 x 84 - 14,0,6,5
204,2020-08-25 15:47,2020,8,25,15:47,-83.07254797,29.23496037,Pre-Season,LC,I,21,LCI21,24,Jerald Beckham,80 x 84 - 14,0,2,1
205,2020-08-25 15:48,2020,8,25,15:48,-83.07260161,29.23498719,Pre-Season,LC,I,21,LCI21,25,Jerald Beckham,80 x 84 - 14,0,10,11
206,2020-08-25 15:48,2020,8,25,15:48,-83.07268107,29.23494754,Pre-Season,LC,I,21,LCI21,26,Jerald Beckham,80 x 84 - 14,0,8,4
207,2020-08-25 15:49,2020,8,25,15:49,-83.07267387,29.23496389,Pre-Season,LC,I,21,LCI21,27,Jerald Beckham,80 x 84 - 14,2,10,7
208,2020-08-25 15:49,2020,8,25,15:49,-83.07266884,29.23496188,Pre-Season,LC,I,21,LCI21,28,Jerald Beckham,80 x 84 - 14,1,9,5
209,2020-08-25 15:50,2020,8,25,15:50,-83.07268116,29.23497168,Pre-Season,LC,I,21,LCI21,29,Jerald Beckham,80 x 84 - 14,0,2,4
210,2020-08-25 15:52,2020,8,25,15:52,-83.0726856,29.23499842,Pre-Season,LC,I,21,LCI21,30,Jerald Beckham,80 x 84 - 14,0,12,7
211,2020-08-25 16:31,2020,8,25,16:31,-83.11226755,29.26175497,Pre-Season,LC,O,8C,LCO8C,1,Jerald Beckham,80 x 84 - 14,0,1,2
212,2020-08-25 16:31,2020,8,25,16:31,-83.11228582,29.26176754,Pre-Season,LC,O,8C,LCO8C,2,Jerald Beckham,80 x 84 - 14,0,16,2
213,2020-08-25 16:34,2020,8,25,16:34,-83.11229319,29.26172244,Pre-Season,LC,O,8C,LCO8C,3,Jerald Beckham,80 x 84 - 14,0,11,7
214,2020-08-25 16:34,2020,8,25,16:34,-83.11229453,29.26175522,Pre-Season,LC,O,8C,LCO8C,4,Jerald Beckham,80 x 84 - 14,3,27,12
215,2020-08-25 16:38,2020,8,25,16:38,-83.11228858,29.26173083,Pre-Season,LC,O,8C,LCO8C,5,Jerald Beckham,80 x 84 - 14,0,12,3
216,2020-08-25 16:40,2020,8,25,16:40,-83.11228917,29.26172018,Pre-Season,LC,O,8C,LCO8C,6,Jerald Beckham,80 x 84 - 14,0,18,7
217,2020-08-25 16:41,2020,8,25,16:41,-83.11231096,29.26171968,Pre-Season,LC,O,8C,LCO8C,7,Jerald Beckham,80 x 84 - 14,0,9,11
218,2020-08-25 16:42,2020,8,25,16:42,-83.11229789,29.26172907,Pre-Season,LC,O,8C,LCO8C,8,Jerald Beckham,80 x 84 - 14,5,44,13
219,2020-08-25 16:46,2020,8,25,16:46,-83.11229596,29.26171448,Pre-Season,LC,O,8C,LCO8C,9,Jerald Beckham,80 x 84 - 14,2,16,6
220,2020-08-25 16:48,2020,8,25,16:48,-83.11228674,29.26171716,Pre-Season,LC,O,8C,LCO8C,10,Jerald Beckham,80 x 84 - 14,0,17,4
221,2020-08-25 16:50,2020,8,25,16:50,-83.11227467,29.26173812,Pre-Season,LC,O,8C,LCO8C,11,Jerald Beckham,80 x 84 - 14,0,18,11
222,2020-08-25 16:52,2020,8,25,16:52,-83.11227584,29.26173502,Pre-Season,LC,O,8C,LCO8C,12,Jerald Beckham,80 x 84 - 14,0,9,5
223,2020-08-25 16:53,2020,8,25,16:53,-83.11224349,29.2617403,Pre-Season,LC,O,8C,LCO8C,13,Jerald Beckham,80 x 84 - 14,3,13,8
224,2020-08-25 16:55,2020,8,25,16:55,-83.11229194,29.26171557,Pre-Season,LC,O,8C,LCO8C,14,Jerald Beckham,80 x 84 - 14,1,11,5
225,2020-08-25 16:56,2020,8,25,16:56,-83.11228707,29.26170786,Pre-Season,LC,O,8C,LCO8C,15,Jerald Beckham,80 x 84 - 14,0,7,2
226,2020-08-25 16:58,2020,8,25,16:58,-83.11230317,29.26170258,Pre-Season,LC,O,8C,LCO8C,16,Jerald Beckham,80 x 84 - 14,9,10,16
227,2020-08-25 17:01,2020,8,25,17:01,-83.11230987,29.26173728,Pre-Season,LC,O,8C,LCO8C,17,Jerald Beckham,80 x 84 - 14,3,7,6
228,2020-08-25 17:03,2020,8,25,17:03,-83.11228347,29.26169537,Pre-Season,LC,O,8C,LCO8C,18,Jerald Beckham,80 x 84 - 14,0,8,3
229,2020-08-25 17:04,2020,8,25,17:04,-83.11230526,29.26170979,Pre-Season,LC,O,8C,LCO8C,19,Jerald Beckham,80 x 84 - 14,4,15,9
230,2020-08-25 17:06,2020,8,25,17:06,-83.11224676,29.26171666,Pre-Season,LC,O,8C,LCO8C,20,Jerald Beckham,80 x 84 - 14,12,10,13
231,2020-08-25 17:08,2020,8,25,17:08,-83.11229294,29.26170551,Pre-Season,LC,O,8C,LCO8C,21,Jerald Beckham,80 x 84 - 14,1,5,6
232,2020-08-25 17:09,2020,8,25,17:09,-83.1123066,29.26171247,Pre-Season,LC,O,8C,LCO8C,22,Jerald Beckham,80 x 84 - 14,4,7,14
233,2020-08-25 17:11,2020,8,25,17:11,-83.1123025,29.26171331,Pre-Season,LC,O,8C,LCO8C,23,Jerald Beckham,80 x 84 - 14,7,9,11
234,2020-08-25 17:12,2020,8,25,17:12,-83.11232228,29.26172588,Pre-Season,LC,O,8C,LCO8C,24,Jerald Beckham,80 x 84 - 14,2,18,7
235,2020-08-25 17:15,2020,8,25,17:15,-83.11230736,29.26169914,Pre-Season,LC,O,8C,LCO8C,25,Jerald Beckham,80 x 84 - 14,0,17,8
236,2020-08-25 17:17,2020,8,25,17:17,-83.11232613,29.26172295,Pre-Season,LC,O,8C,LCO8C,26,Jerald Beckham,80 x 84 - 14,4,17,9
237,2020-08-25 17:19,2020,8,25,17:19,-83.11231893,29.26173342,Pre-Season,LC,O,8C,LCO8C,27,Jerald Beckham,80 x 84 - 14,2,5,15
238,2020-08-25 17:21,2020,8,25,17:21,-83.11232504,29.26172353,Pre-Season,LC,O,8C,LCO8C,28,Jerald Beckham,80 x 84 - 14,0,8,10
239,2020-08-25 17:23,2020,8,25,17:23,-83.11230585,29.26172856,Pre-Season,LC,O,8C,LCO8C,29,Jerald Beckham,80 x 84 - 14,1,9,6
240,2020-08-25 17:24,2020,8,25,17:24,-83.11231926,29.26171901,Pre-Season,LC,O,8C,LCO8C,30,Jerald Beckham,80 x 84 - 14,3,18,16
241,2020-08-26 14:30,2020,8,26,14:30,-82.993756,29.164511,Pre-Season,CR,N,1,CRN1,1,George Stevens,101 x 94 - 18,24,76,8
242,2020-08-26 14:32,2020,8,26,14:32,-82.993784,29.164538,Pre-Season,CR,N,1,CRN1,2,George Stevens,101 x 94 - 18,29,82,6
243,2020-08-26 14:33,2020,8,26,14:33,-82.993812,29.164544,Pre-Season,CR,N,1,CRN1,3,George Stevens,101 x 94 - 18,21,70,4
244,2020-08-26 14:36,2020,8,26,14:36,-82.993838,29.164562,Pre-Season,CR,N,1,CRN1,4,George Stevens,101 x 94 - 18,18,42,2
245,2020-08-26 14:37,2020,8,26,14:37,-82.99384,29.164548,Pre-Season,CR,N,1,CRN1,5,George Stevens,101 x 94 - 18,22,21,3
246,2020-08-26 14:39,2020,8,26,14:39,-82.993823,29.164507,Pre-Season,CR,N,1,CRN1,6,George Stevens,101 x 94 - 18,6,13,2
247,2020-08-26 14:39,2020,8,26,14:39,-82.993839,29.164505,Pre-Season,CR,N,1,CRN1,7,George Stevens,101 x 94 - 18,22,12,5
248,2020-08-26 14:40,2020,8,26,14:40,-82.99386,29.164544,Pre-Season,CR,N,1,CRN1,8,George Stevens,101 x 94 - 18,18,10,0
249,2020-08-26 14:41,2020,8,26,14:41,-82.993861,29.164537,Pre-Season,CR,N,1,CRN1,9,George Stevens,101 x 94 - 18,11,18,4
250,2020-08-26 14:43,2020,8,26,14:43,-82.99384,29.164516,Pre-Season,CR,N,1,CRN1,10,George Stevens,101 x 94 - 18,8,11,5
251,2020-08-26 14:44,2020,8,26,14:44,-82.993861,29.164505,Pre-Season,CR,N,1,CRN1,11,George Stevens,101 x 94 - 18,6,4,0
252,2020-08-26 14:45,2020,8,26,14:45,-82.993875,29.164521,Pre-Season,CR,N,1,CRN1,12,George Stevens,101 x 94 - 18,3,6,1
253,2020-08-26 14:46,2020,8,26,14:46,-82.993944,29.164503,Pre-Season,CR,N,1,CRN1,13,George Stevens,101 x 94 - 18,6,7,3
254,2020-08-26 14:47,2020,8,26,14:47,-82.993949,29.164505,Pre-Season,CR,N,1,CRN1,14,George Stevens,101 x 94 - 18,3,4,5
255,2020-08-26 14:48,2020,8,26,14:48,-82.99398,29.164518,Pre-Season,CR,N,1,CRN1,15,George Stevens,101 x 94 - 18,0,6,2
256,2020-08-26 14:50,2020,8,26,14:50,-82.994071,29.164512,Pre-Season,CR,N,1,CRN1,16,George Stevens,101 x 94 - 18,2,5,2
257,2020-08-26 14:54,2020,8,26,14:54,-82.994632,29.164251,Pre-Season,CR,N,4,CRN4,17,George Stevens,101 x 94 - 18,26,16,4
258,2020-08-26 14:56,2020,8,26,14:56,-82.994755,29.164293,Pre-Season,CR,N,4,CRN4,18,George Stevens,101 x 94 - 18,16,24,4
259,2020-08-26 14:57,2020,8,26,14:57,-82.994808,29.164331,Pre-Season,CR,N,4,CRN4,19,George Stevens,101 x 94 - 18,12,26,2
260,2020-08-26 14:58,2020,8,26,14:58,-82.994812,29.164335,Pre-Season,CR,N,4,CRN4,20,George Stevens,101 x 94 - 18,8,30,4
261,2020-08-26 15:00,2020,8,26,15:00,-82.994841,29.164309,Pre-Season,CR,N,4,CRN4,21,George Stevens,101 x 94 - 18,12,48,6
262,2020-08-26 15:01,2020,8,26,15:01,-82.994843,29.164314,Pre-Season,CR,N,4,CRN4,22,George Stevens,101 x 94 - 18,4,22,4
263,2020-08-26 15:02,2020,8,26,15:02,-82.994845,29.164313,Pre-Season,CR,N,4,CRN4,23,George Stevens,101 x 94 - 18,1,6,7
264,2020-08-26 15:02,2020,8,26,15:02,-82.994878,29.164287,Pre-Season,CR,N,4,CRN4,24,George Stevens,101 x 94 - 18,3,5,8
265,2020-08-26 15:03,2020,8,26,15:03,-82.99488,29.164283,Pre-Season,CR,N,4,CRN4,25,George Stevens,101 x 94 - 18,3,2,0
266,2020-08-26 15:04,2020,8,26,15:04,-82.99488,29.164248,Pre-Season,CR,N,4,CRN4,26,George Stevens,101 x 94 - 18,10,8,6
267,2020-08-26 15:05,2020,8,26,15:05,-82.994907,29.164261,Pre-Season,CR,N,4,CRN4,27,George Stevens,101 x 94 - 18,6,12,6
268,2020-08-26 15:06,2020,8,26,15:06,-82.99494,29.164254,Pre-Season,CR,N,4,CRN4,28,George Stevens,101 x 94 - 18,6,18,4
269,2020-08-26 15:08,2020,8,26,15:08,-82.99495,29.164265,Pre-Season,CR,N,4,CRN4,29,George Stevens,101 x 94 - 18,2,8,2
270,2020-08-26 15:08,2020,8,26,15:08,-82.994947,29.164263,Pre-Season,CR,N,4,CRN4,30,George Stevens,101 x 94 - 18,3,6,2
271,2020-08-26 15:30,2020,8,26,15:30,-83.001714,29.161436,Pre-Season,CR,O,7,CRO7,1,George Stevens,101 x 94 - 18,7,14,4
272,2020-08-26 15:30,2020,8,26,15:30,-83.001764,29.161448,Pre-Season,CR,O,7,CRO7,2,George Stevens,101 x 94 - 18,22,54,6
273,2020-08-26 15:32,2020,8,26,15:32,-83.001748,29.161452,Pre-Season,CR,O,7,CRO7,3,George Stevens,101 x 94 - 18,6,10,1
274,2020-08-26 15:33,2020,8,26,15:33,-83.001727,29.161459,Pre-Season,CR,O,7,CRO7,4,George Stevens,101 x 94 - 18,8,16,1
275,2020-08-26 15:33,2020,8,26,15:33,-83.001729,29.161464,Pre-Season,CR,O,7,CRO7,5,George Stevens,101 x 94 - 18,8,36,2
276,2020-08-26 15:34,2020,8,26,15:34,-83.001746,29.161483,Pre-Season,CR,O,7,CRO7,6,George Stevens,101 x 94 - 18,3,12,0
277,2020-08-26 15:35,2020,8,26,15:35,-83.001777,29.161494,Pre-Season,CR,O,7,CRO7,7,George Stevens,101 x 94 - 18,28,11,1
278,2020-08-26 15:36,2020,8,26,15:36,-83.001826,29.161512,Pre-Season,CR,O,7,CRO7,8,George Stevens,101 x 94 - 18,16,18,4
279,2020-08-26 15:37,2020,8,26,15:37,-83.001826,29.161511,Pre-Season,CR,O,7,CRO7,9,George Stevens,101 x 94 - 18,42,8,0
280,2020-08-26 15:38,2020,8,26,15:38,-83.001804,29.161524,Pre-Season,CR,O,7,CRO7,10,George Stevens,101 x 94 - 18,14,5,0
281,2020-08-26 15:39,2020,8,26,15:39,-83.001815,29.161558,Pre-Season,CR,O,7,CRO7,11,George Stevens,101 x 94 - 18,12,31,2
282,2020-08-26 15:40,2020,8,26,15:40,-83.001881,29.161613,Pre-Season,CR,O,7,CRO7,12,George Stevens,101 x 94 - 18,3,14,0
283,2020-08-26 15:41,2020,8,26,15:41,-83.001878,29.161611,Pre-Season,CR,O,7,CRO7,13,George Stevens,101 x 94 - 18,24,31,2
284,2020-08-26 15:55,2020,8,26,15:55,-83.003443,29.162024,Pre-Season,CR,O,8,CRO8,14,George Stevens,101 x 94 - 18,2,0,2
285,2020-08-26 15:57,2020,8,26,15:57,-83.003409,29.162151,Pre-Season,CR,O,8,CRO8,15,George Stevens,101 x 94 - 18,2,4,3
286,2020-08-26 15:57,2020,8,26,15:57,-83.003402,29.162145,Pre-Season,CR,O,8,CRO8,16,George Stevens,101 x 94 - 18,2,6,0
287,2020-08-26 15:58,2020,8,26,15:58,-83.003372,29.162134,Pre-Season,CR,O,8,CRO8,17,George Stevens,101 x 94 - 18,2,20,3
288,2020-08-26 15:59,2020,8,26,15:59,-83.003399,29.16213,Pre-Season,CR,O,8,CRO8,18,George Stevens,101 x 94 - 18,1,21,1
289,2020-08-26 15:59,2020,8,26,15:59,-83.003406,29.162132,Pre-Season,CR,O,8,CRO8,19,George Stevens,101 x 94 - 18,1,12,2
290,2020-08-26 16:01,2020,8,26,16:01,-83.003383,29.162153,Pre-Season,CR,O,8,CRO8,20,George Stevens,101 x 94 - 18,8,16,1
291,2020-08-26 16:01,2020,8,26,16:01,-83.003397,29.162162,Pre-Season,CR,O,8,CRO8,21,George Stevens,101 x 94 - 18,3,14,1
292,2020-08-26 16:02,2020,8,26,16:02,-83.003398,29.162155,Pre-Season,CR,O,8,CRO8,22,George Stevens,101 x 94 - 18,8,6,3
293,2020-08-26 16:03,2020,8,26,16:03,-83.003367,29.162164,Pre-Season,CR,O,8,CRO8,23,George Stevens,101 x 94 - 18,6,21,2
294,2020-08-26 16:03,2020,8,26,16:03,-83.003399,29.162171,Pre-Season,CR,O,8,CRO8,24,George Stevens,101 x 94 - 18,4,16,1
295,2020-08-26 16:04,2020,8,26,16:04,-83.0034,29.162178,Pre-Season,CR,O,8,CRO8,25,George Stevens,101 x 94 - 18,8,22,5
296,2020-08-26 16:05,2020,8,26,16:05,-83.003369,29.16217,Pre-Season,CR,O,8,CRO8,26,George Stevens,101 x 94 - 18,1,4,1
297,2020-08-26 16:06,2020,8,26,16:06,-83.003392,29.162183,Pre-Season,CR,O,8,CRO8,27,George Stevens,101 x 94 - 18,1,12,5
298,2020-08-26 16:06,2020,8,26,16:06,-83.003395,29.162187,Pre-Season,CR,O,8,CRO8,28,George Stevens,101 x 94 - 18,0,6,6
299,2020-08-26 16:08,2020,8,26,16:08,-83.003399,29.162188,Pre-Season,CR,O,8,CRO8,29,George Stevens,101 x 94 - 18,0,4,1
300,2020-08-26 16:08,2020,8,26,16:08,-83.003362,29.162195,Pre-Season,CR,O,8,CRO8,30,George Stevens,101 x 94 - 18,0,5,0
301,2020-08-26 14:16,2020,8,26,14:16,-82.992978,29.165086,Pre-Season,CR,N,2,CRN2,1,Jordan Adams,104 x 85 -18,1,5,12
302,2020-08-26 14:22,2020,8,26,14:22,-82.992988,29.165085,Pre-Season,CR,N,2,CRN2,2,Jordan Adams,104 x 85 -18,4,3,8
303,2020-08-26 14:25,2020,8,26,14:25,-82.993027,29.165104,Pre-Season,CR,N,2,CRN2,3,Jordan Adams,104 x 85 -18,6,1,6
304,2020-08-26 14:26,2020,8,26,14:26,-82.993034,29.165109,Pre-Season,CR,N,2,CRN2,4,Jordan Adams,104 x 85 -18,8,3,1
305,2020-08-26 14:29,2020,8,26,14:29,-82.993038,29.165103,Pre-Season,CR,N,2,CRN2,5,Jordan Adams,104 x 85 -18,14,9,5
306,2020-08-26 14:29,2020,8,26,14:29,-82.993055,29.165102,Pre-Season,CR,N,2,CRN2,6,Jordan Adams,104 x 85 -18,14,9,9
307,2020-08-26 14:31,2020,8,26,14:31,-82.993049,29.165113,Pre-Season,CR,N,2,CRN2,7,Jordan Adams,104 x 85 -18,27,17,12
308,2020-08-26 14:33,2020,8,26,14:33,-82.993063,29.165118,Pre-Season,CR,N,2,CRN2,8,Jordan Adams,104 x 85 -18,26,3,12
309,2020-08-26 14:34,2020,8,26,14:34,-82.993068,29.165115,Pre-Season,CR,N,2,CRN2,9,Jordan Adams,104 x 85 -18,23,11,4
310,2020-08-26 14:36,2020,8,26,14:36,-82.993062,29.165123,Pre-Season,CR,N,2,CRN2,10,Jordan Adams,104 x 85 -18,15,4,4
311,2020-08-26 14:37,2020,8,26,14:37,-82.99309,29.165119,Pre-Season,CR,N,2,CRN2,11,Jordan Adams,104 x 85 -18,14,3,2
312,2020-08-26 14:40,2020,8,26,14:40,-82.993099,29.165114,Pre-Season,CR,N,2,CRN2,12,Jordan Adams,104 x 85 -18,6,4,4
313,2020-08-26 14:42,2020,8,26,14:42,-82.99311,29.165138,Pre-Season,CR,N,2,CRN2,13,Jordan Adams,104 x 85 -18,4,2,3
314,2020-08-26 14:46,2020,8,26,14:46,-82.993122,29.165124,Pre-Season,CR,N,2,CRN2,14,Jordan Adams,104 x 85 -18,7,3,2
315,2020-08-26 14:47,2020,8,26,14:47,-82.993113,29.165141,Pre-Season,CR,N,2,CRN2,15,Jordan Adams,104 x 85 -18,11,2,3
316,2020-08-26 14:49,2020,8,26,14:49,-82.993133,29.165129,Pre-Season,CR,N,2,CRN2,16,Jordan Adams,104 x 85 -18,4,7,9
317,2020-08-26 14:50,2020,8,26,14:50,-82.993133,29.165119,Pre-Season,CR,N,2,CRN2,17,Jordan Adams,104 x 85 -18,4,1,2
318,2020-08-26 14:55,2020,8,26,14:55,-82.992807,29.165007,Pre-Season,CR,N,2,CRN2,18,Jordan Adams,104 x 85 -18,6,9,2
319,2020-08-26 14:55,2020,8,26,14:55,-82.992796,29.165018,Pre-Season,CR,N,2,CRN2,19,Jordan Adams,104 x 85 -18,10,7,4
320,2020-08-26 14:57,2020,8,26,14:57,-82.992806,29.165014,Pre-Season,CR,N,2,CRN2,20,Jordan Adams,104 x 85 -18,30,8,6
321,2020-08-26 14:58,2020,8,26,14:58,-82.99281,29.165026,Pre-Season,CR,N,2,CRN2,21,Jordan Adams,104 x 85 -18,12,5,2
322,2020-08-26 15:01,2020,8,26,15:01,-82.992811,29.165016,Pre-Season,CR,N,2,CRN2,22,Jordan Adams,104 x 85 -18,16,3,3
323,2020-08-26 15:02,2020,8,26,15:02,-82.992812,29.165028,Pre-Season,CR,N,2,CRN2,23,Jordan Adams,104 x 85 -18,19,10,13
324,2020-08-26 15:04,2020,8,26,15:04,-82.992816,29.165023,Pre-Season,CR,N,2,CRN2,24,Jordan Adams,104 x 85 -18,8,12,0
325,2020-08-26 15:05,2020,8,26,15:05,-82.992813,29.165013,Pre-Season,CR,N,2,CRN2,25,Jordan Adams,104 x 85 -18,1,6,3
326,2020-08-26 15:08,2020,8,26,15:08,-82.992814,29.165018,Pre-Season,CR,N,2,CRN2,26,Jordan Adams,104 x 85 -18,24,2,2
327,2020-08-26 15:08,2020,8,26,15:08,-82.992821,29.165018,Pre-Season,CR,N,2,CRN2,27,Jordan Adams,104 x 85 -18,27,17,6
328,2020-08-26 15:12,2020,8,26,15:12,-82.99283,29.165028,Pre-Season,CR,N,2,CRN2,28,Jordan Adams,104 x 85 -18,17,5,2
329,2020-08-26 15:15,2020,8,26,15:15,-82.992827,29.165031,Pre-Season,CR,N,2,CRN2,29,Jordan Adams,104 x 85 -18,27,9,11
330,2020-08-26 15:17,2020,8,26,15:17,-82.992821,29.165033,Pre-Season,CR,N,2,CRN2,30,Jordan Adams,104 x 85 -18,33,7,4
331,2020-08-26 15:23,2020,8,26,15:23,-82.991613,29.156118,Pre-Season,CR,O,5,CRO5,1,Jordan Adams,104 x 85 -18,9,1,0
332,2020-08-26 15:26,2020,8,26,15:26,-82.991543,29.156165,Pre-Season,CR,O,5,CRO5,2,Jordan Adams,104 x 85 -18,14,7,3
333,2020-08-26 15:30,2020,8,26,15:30,-82.991528,29.156227,Pre-Season,CR,O,5,CRO5,3,Jordan Adams,104 x 85 -18,17,0,0
334,2020-08-26 15:30,2020,8,26,15:30,-82.991531,29.156219,Pre-Season,CR,O,5,CRO5,4,Jordan Adams,104 x 85 -18,24,10,8
335,2020-08-26 15:32,2020,8,26,15:32,-82.991566,29.156296,Pre-Season,CR,O,5,CRO5,5,Jordan Adams,104 x 85 -18,3,4,1
336,2020-08-26 15:33,2020,8,26,15:33,-82.99157,29.156291,Pre-Season,CR,O,5,CRO5,6,Jordan Adams,104 x 85 -18,27,11,11
337,2020-08-26 15:35,2020,8,26,15:35,-82.991566,29.156299,Pre-Season,CR,O,5,CRO5,7,Jordan Adams,104 x 85 -18,4,0,1
338,2020-08-26 15:35,2020,8,26,15:35,-82.99157,29.156296,Pre-Season,CR,O,5,CRO5,8,Jordan Adams,104 x 85 -18,26,7,3
339,2020-08-26 15:37,2020,8,26,15:37,-82.99156,29.156293,Pre-Season,CR,O,5,CRO5,9,Jordan Adams,104 x 85 -18,14,4,8
340,2020-08-26 15:37,2020,8,26,15:37,-82.991561,29.156292,Pre-Season,CR,O,5,CRO5,10,Jordan Adams,104 x 85 -18,13,6,4
341,2020-08-26 15:40,2020,8,26,15:40,-82.991576,29.156305,Pre-Season,CR,O,5,CRO5,11,Jordan Adams,104 x 85 -18,14,7,7
342,2020-08-26 15:40,2020,8,26,15:40,-82.991573,29.156308,Pre-Season,CR,O,5,CRO5,12,Jordan Adams,104 x 85 -18,9,10,4
343,2020-08-26 15:44,2020,8,26,15:44,-82.991737,29.156376,Pre-Season,CR,O,5,CRO5,13,Jordan Adams,104 x 85 -18,7,11,4
344,2020-08-26 15:45,2020,8,26,15:45,-82.991749,29.156379,Pre-Season,CR,O,5,CRO5,14,Jordan Adams,104 x 85 -18,19,0,0
345,2020-08-26 15:50,2020,8,26,15:50,-82.991584,29.156254,Pre-Season,CR,O,5,CRO5,15,Jordan Adams,104 x 85 -18,3,1,2
346,2020-08-26 15:50,2020,8,26,15:50,-82.991605,29.156226,Pre-Season,CR,O,5,CRO5,16,Jordan Adams,104 x 85 -18,1,3,3
347,2020-08-26 15:53,2020,8,26,15:53,-82.99163,29.156206,Pre-Season,CR,O,5,CRO5,17,Jordan Adams,104 x 85 -18,0,0,0
348,2020-08-26 15:53,2020,8,26,15:53,-82.99163,29.156208,Pre-Season,CR,O,5,CRO5,18,Jordan Adams,104 x 85 -18,25,6,5
349,2020-08-26 15:53,2020,8,26,15:53,-82.991633,29.15621,Pre-Season,CR,O,5,CRO5,19,Jordan Adams,104 x 85 -18,16,6,6
350,2020-08-26 15:54,2020,8,26,15:54,-82.991628,29.156212,Pre-Season,CR,O,5,CRO5,20,Jordan Adams,104 x 85 -18,19,7,6
351,2020-08-26 15:55,2020,8,26,15:55,-82.991639,29.156209,Pre-Season,CR,O,5,CRO5,21,Jordan Adams,104 x 85 -18,37,24,10
352,2020-08-26 15:57,2020,8,26,15:57,-82.991626,29.156211,Pre-Season,CR,O,5,CRO5,22,Jordan Adams,104 x 85 -18,24,14,6
353,2020-08-26 15:57,2020,8,26,15:57,-82.991622,29.156214,Pre-Season,CR,O,5,CRO5,23,Jordan Adams,104 x 85 -18,6,9,18
354,2020-08-26 16:00,2020,8,26,16:00,-82.991596,29.156223,Pre-Season,CR,O,5,CRO5,24,Jordan Adams,104 x 85 -18,17,9,0
355,2020-08-26 16:00,2020,8,26,16:00,-82.991592,29.156222,Pre-Season,CR,O,5,CRO5,25,Jordan Adams,104 x 85 -18,5,5,5
356,2020-08-26 16:02,2020,8,26,16:02,-82.991604,29.15623,Pre-Season,CR,O,5,CRO5,26,Jordan Adams,104 x 85 -18,5,7,9
357,2020-08-26 16:04,2020,8,26,16:04,-82.991583,29.156231,Pre-Season,CR,O,5,CRO5,27,Jordan Adams,104 x 85 -18,7,9,7
358,2020-08-26 16:05,2020,8,26,16:05,-82.991601,29.156221,Pre-Season,CR,O,5,CRO5,28,Jordan Adams,104 x 85 -18,17,4,4
359,2020-08-26 16:09,2020,8,26,16:09,-82.991403,29.157181,Pre-Season,CR,O,3,CRO3,29,Jordan Adams,104 x 85 -18,9,4,2
360,2020-08-26 16:09,2020,8,26,16:09,-82.991401,29.157178,Pre-Season,CR,O,3,CRO3,30,Jordan Adams,104 x 85 -18,29,2,2
361,2020-08-26 14:49,2020,8,26,14:49,-82.993673,29.164542,Pre-Season,CR,N,1,CRN1,1,Jeanine Beckham,73 x 73 - 12,5,4,8
362,2020-08-26 14:53,2020,8,26,14:53,-82.99359932,29.16451173,Pre-Season,CR,N,1,CRN1,2,Jeanine Beckham,73 x 73 - 12,48,52,10
363,2020-08-26 15:07,2020,8,26,15:07,-82.99364241,29.16459261,Pre-Season,CR,N,1,CRN1,3,Jeanine Beckham,73 x 73 - 12,60,30,7
364,2020-08-26 15:17,2020,8,26,15:17,-82.993704,29.16463,Pre-Season,CR,N,1,CRN1,4,Jeanine Beckham,73 x 73 - 12,19,13,2
365,2020-08-26 15:21,2020,8,26,15:21,-82.993705,29.164622,Pre-Season,CR,N,1,CRN1,5,Jeanine Beckham,73 x 73 - 12,5,7,5
366,2020-08-26 15:25,2020,8,26,15:25,-82.993597,29.164668,Pre-Season,CR,N,1,CRN1,6,Jeanine Beckham,73 x 73 - 12,12,11,4
367,2020-08-26 15:28,2020,8,26,15:28,-82.993625,29.16468,Pre-Season,CR,N,1,CRN1,7,Jeanine Beckham,73 x 73 - 12,36,20,4
368,2020-08-26 15:33,2020,8,26,15:33,-82.993718,29.164578,Pre-Season,CR,N,1,CRN1,8,Jeanine Beckham,73 x 73 - 12,20,27,12
369,2020-08-26 15:39,2020,8,26,15:39,-82.99372,29.164597,Pre-Season,CR,N,1,CRN1,9,Jeanine Beckham,73 x 73 - 12,0,1,3
370,2020-08-26 15:41,2020,8,26,15:41,-82.99370678,29.16463838,Pre-Season,CR,N,1,CRN1,10,Jeanine Beckham,73 x 73 - 12,20,13,6
371,2020-08-26 15:45,2020,8,26,15:45,-82.99368482,29.16463545,Pre-Season,CR,N,1,CRN1,11,Jeanine Beckham,73 x 73 - 12,9,13,4
372,2020-08-26 15:47,2020,8,26,15:47,-82.993678,29.16466,Pre-Season,CR,N,1,CRN1,12,Jeanine Beckham,73 x 73 - 12,10,11,8
373,2020-08-26 15:51,2020,8,26,15:51,-82.99366697,29.16466914,Pre-Season,CR,N,1,CRN1,13,Jeanine Beckham,73 x 73 - 12,11,13,6
374,2020-08-26 15:54,2020,8,26,15:54,-82.99366789,29.16467316,Pre-Season,CR,N,1,CRN1,14,Jeanine Beckham,73 x 73 - 12,6,5,2
375,2020-08-26 15:56,2020,8,26,15:56,-82.993618,29.16467,Pre-Season,CR,N,1,CRN1,15,Jeanine Beckham,73 x 73 - 12,33,22,8
376,2020-08-26 16:00,2020,8,26,16:00,-82.993663,29.164679,Pre-Season,CR,N,1,CRN1,16,Jeanine Beckham,73 x 73 - 12,107,15,11
377,2020-08-26 16:07,2020,8,26,16:07,-82.993662,29.164675,Pre-Season,CR,N,1,CRN1,17,Jeanine Beckham,73 x 73 - 12,67,27,10
378,2020-08-26 16:12,2020,8,26,16:12,-82.993644,29.164676,Pre-Season,CR,N,1,CRN1,18,Jeanine Beckham,73 x 73 - 12,84,41,13
379,2020-08-26 16:17,2020,8,26,16:17,-82.99362523,29.16465573,Pre-Season,CR,N,1,CRN1,19,Jeanine Beckham,73 x 73 - 12,52,16,4
380,2020-08-26 16:19,2020,8,26,16:19,-82.993645,29.16468,Pre-Season,CR,N,1,CRN1,20,Jeanine Beckham,73 x 73 - 12,30,25,13
381,2020-08-26 16:24,2020,8,26,16:24,-82.99361684,29.16468331,Pre-Season,CR,N,1,CRN1,21,Jeanine Beckham,73 x 73 - 12,81,33,10
382,2020-08-26 16:29,2020,8,26,16:29,-82.993637,29.164679,Pre-Season,CR,N,1,CRN1,22,Jeanine Beckham,73 x 73 - 12,42,19,4
383,2020-08-26 16:32,2020,8,26,16:32,-82.99354292,29.16466218,Pre-Season,CR,N,1,CRN1,23,Jeanine Beckham,73 x 73 - 12,67,27,9
384,2020-08-26 16:36,2020,8,26,16:36,-82.993643,29.164695,Pre-Season,CR,N,1,CRN1,24,Jeanine Beckham,73 x 73 - 12,50,16,11
385,2020-08-26 16:39,2020,8,26,16:39,-82.99362372,29.16469387,Pre-Season,CR,N,1,CRN1,25,Jeanine Beckham,73 x 73 - 12,61,23,9
386,2020-08-26 16:43,2020,8,26,16:43,-82.993577,29.164682,Pre-Season,CR,N,1,CRN1,26,Jeanine Beckham,73 x 73 - 12,23,6,3
387,2020-08-26 16:45,2020,8,26,16:45,-82.99361182,29.16468591,Pre-Season,CR,N,1,CRN1,27,Jeanine Beckham,73 x 73 - 12,51,19,11
388,2020-08-26 16:48,2020,8,26,16:48,-82.99363352,29.16466537,Pre-Season,CR,N,1,CRN1,28,Jeanine Beckham,73 x 73 - 12,52,21,13
389,2020-08-26 16:52,2020,8,26,16:52,-82.993655,29.164672,Pre-Season,CR,N,1,CRN1,29,Jeanine Beckham,73 x 73 - 12,18,13,2
390,2020-08-26 16:56,2020,8,26,16:56,-82.99357443,29.16467099,Pre-Season,CR,N,1,CRN1,30,Jeanine Beckham,73 x 73 - 12,27,9,4
391,2020-08-26 17:04,2020,8,26,17:04,-82.999491,29.162813,Pre-Season,CR,N,6,CRN6,1,Jeanine Beckham,73 x 73 - 12,19,19,0
392,2020-08-26 17:04,2020,8,26,17:04,-82.99948744,29.16281272,Pre-Season,CR,N,6,CRN6,2,Jeanine Beckham,73 x 73 - 12,24,16,0
393,2020-08-26 17:05,2020,8,26,17:05,-82.99952558,29.16284021,Pre-Season,CR,N,6,CRN6,3,Jeanine Beckham,73 x 73 - 12,26,28,2
394,2020-08-26 17:09,2020,8,26,17:09,-82.999508,29.162804,Pre-Season,CR,N,6,CRN6,4,Jeanine Beckham,73 x 73 - 12,36,14,1
395,2020-08-26 17:09,2020,8,26,17:09,-82.99950161,29.16277508,Pre-Season,CR,N,6,CRN6,5,Jeanine Beckham,73 x 73 - 12,15,7,1
396,2020-08-26 17:10,2020,8,26,17:10,-82.99952399,29.16277307,Pre-Season,CR,N,6,CRN6,6,Jeanine Beckham,73 x 73 - 12,6,9,1
397,2020-08-26 17:12,2020,8,26,17:12,-82.99926977,29.16252698,Pre-Season,CR,N,6,CRN6,7,Jeanine Beckham,73 x 73 - 12,42,29,0
398,2020-08-26 17:14,2020,8,26,17:14,-82.999124,29.162612,Pre-Season,CR,N,6,CRN6,8,Jeanine Beckham,73 x 73 - 12,31,15,1
399,2020-08-26 17:14,2020,8,26,17:14,-82.99910909,29.16259127,Pre-Season,CR,N,6,CRN6,9,Jeanine Beckham,73 x 73 - 12,8,12,0
400,2020-08-26 17:15,2020,8,26,17:15,-82.999041,29.162561,Pre-Season,CR,N,6,CRN6,10,Jeanine Beckham,73 x 73 - 12,24,13,3
401,2020-08-26 17:16,2020,8,26,17:16,-82.999065,29.162501,Pre-Season,CR,N,6,CRN6,11,Jeanine Beckham,73 x 73 - 12,8,3,1
402,2020-08-26 17:17,2020,8,26,17:17,-82.99904748,29.16250426,Pre-Season,CR,N,6,CRN6,12,Jeanine Beckham,73 x 73 - 12,23,19,4
403,2020-08-26 17:19,2020,8,26,17:19,-82.999178,29.162487,Pre-Season,CR,N,6,CRN6,13,Jeanine Beckham,73 x 73 - 12,4,13,2
404,2020-08-26 17:19,2020,8,26,17:19,-82.99912468,29.16252078,Pre-Season,CR,N,6,CRN6,14,Jeanine Beckham,73 x 73 - 12,11,8,1
405,2020-08-26 17:20,2020,8,26,17:20,-82.99905553,29.16248884,Pre-Season,CR,N,6,CRN6,15,Jeanine Beckham,73 x 73 - 12,6,7,0
406,2020-08-26 17:21,2020,8,26,17:21,-82.999095,29.162463,Pre-Season,CR,N,6,CRN6,16,Jeanine Beckham,73 x 73 - 12,2,9,3
407,2020-08-26 17:25,2020,8,26,17:25,-82.995404,29.163205,Pre-Season,CR,N,5,CRN5,17,Jeanine Beckham,73 x 73 - 12,7,4,2
408,2020-08-26 17:27,2020,8,26,17:27,-82.99537,29.1631811,Pre-Season,CR,N,5,CRN5,18,Jeanine Beckham,73 x 73 - 12,4,3,0
409,2020-08-26 17:28,2020,8,26,17:28,-82.995185,29.163159,Pre-Season,CR,N,5,CRN5,19,Jeanine Beckham,73 x 73 - 12,17,23,1
410,2020-08-26 17:30,2020,8,26,17:30,-82.995208,29.163166,Pre-Season,CR,N,5,CRN5,20,Jeanine Beckham,73 x 73 - 12,4,12,0
411,2020-08-26 17:30,2020,8,26,17:30,-82.9952198,29.16317247,Pre-Season,CR,N,5,CRN5,21,Jeanine Beckham,73 x 73 - 12,82,19,0
412,2020-08-26 17:31,2020,8,26,17:31,-82.99524243,29.1631324,Pre-Season,CR,N,5,CRN5,22,Jeanine Beckham,73 x 73 - 12,7,15,1
413,2020-08-26 17:32,2020,8,26,17:32,-82.99523966,29.16317876,Pre-Season,CR,N,5,CRN5,23,Jeanine Beckham,73 x 73 - 12,11,24,1
414,2020-08-26 17:32,2020,8,26,17:32,-82.995243,29.163181,Pre-Season,CR,N,5,CRN5,24,Jeanine Beckham,73 x 73 - 12,41,18,2
415,2020-08-26 17:33,2020,8,26,17:33,-82.99523355,29.16317951,Pre-Season,CR,N,5,CRN5,25,Jeanine Beckham,73 x 73 - 12,18,24,3
416,2020-08-26 17:34,2020,8,26,17:34,-82.99525,29.163201,Pre-Season,CR,N,5,CRN5,26,Jeanine Beckham,73 x 73 - 12,14,24,3
417,2020-08-26 17:34,2020,8,26,17:34,-82.99524059,29.16318705,Pre-Season,CR,N,5,CRN5,27,Jeanine Beckham,73 x 73 - 12,14,11,2
418,2020-08-26 17:35,2020,8,26,17:35,-82.99524067,29.1631863,Pre-Season,CR,N,5,CRN5,28,Jeanine Beckham,73 x 73 - 12,13,19,0
419,2020-08-26 17:38,2020,8,26,17:38,-82.995231,29.163179,Pre-Season,CR,N,5,CRN5,29,Jeanine Beckham,73 x 73 - 12,2,4,1
420,2020-08-26 17:39,2020,8,26,17:39,-82.99525081,29.16316199,Pre-Season,CR,N,5,CRN5,30,Jeanine Beckham,73 x 73 - 12,19,4,0
421,2020-08-26 14:24,2020,8,26,14:24,-82.99554016,29.16353515,Pre-Season,CR,N,5,CRN5,1,Jerald Beckham,80 x 84 -14,3,8,1
422,2020-08-26 14:26,2020,8,26,14:26,-82.99551543,29.16354194,Pre-Season,CR,N,5,CRN5,2,Jerald Beckham,80 x 84 -14,0,3,2
423,2020-08-26 14:27,2020,8,26,14:27,-82.99551895,29.16356164,Pre-Season,CR,N,5,CRN5,3,Jerald Beckham,80 x 84 -14,0,7,1
424,2020-08-26 14:28,2020,8,26,14:28,-82.99550763,29.16355209,Pre-Season,CR,N,5,CRN5,4,Jerald Beckham,80 x 84 -14,1,8,6
425,2020-08-26 14:30,2020,8,26,14:30,-82.99553907,29.16355971,Pre-Season,CR,N,5,CRN5,5,Jerald Beckham,80 x 84 -14,6,3,5
426,2020-08-26 14:32,2020,8,26,14:32,-82.99552767,29.16350707,Pre-Season,CR,N,5,CRN5,6,Jerald Beckham,80 x 84 -14,1,2,2
427,2020-08-26 14:33,2020,8,26,14:33,-82.99556497,29.16351353,Pre-Season,CR,N,5,CRN5,7,Jerald Beckham,80 x 84 -14,1,1,3
428,2020-08-26 14:34,2020,8,26,14:34,-82.99558776,29.16356809,Pre-Season,CR,N,5,CRN5,8,Jerald Beckham,80 x 84 -14,3,10,1
429,2020-08-26 14:34,2020,8,26,14:34,-82.99559489,29.16355594,Pre-Season,CR,N,5,CRN5,9,Jerald Beckham,80 x 84 -14,3,2,3
430,2020-08-26 14:35,2020,8,26,14:35,-82.99560512,29.1635401,Pre-Season,CR,N,5,CRN5,10,Jerald Beckham,80 x 84 -14,11,14,3
431,2020-08-26 14:37,2020,8,26,14:37,-82.99562347,29.16355083,Pre-Season,CR,N,5,CRN5,11,Jerald Beckham,80 x 84 -14,2,7,3
432,2020-08-26 14:39,2020,8,26,14:39,-82.99561484,29.16355887,Pre-Season,CR,N,5,CRN5,12,Jerald Beckham,80 x 84 -14,4,2,3
433,2020-08-26 14:41,2020,8,26,14:41,-82.99564032,29.16349987,Pre-Season,CR,N,5,CRN5,13,Jerald Beckham,80 x 84 -14,3,5,2
434,2020-08-26 14:43,2020,8,26,14:43,-82.99568357,29.16352711,Pre-Season,CR,N,5,CRN5,14,Jerald Beckham,80 x 84 -14,0,3,2
435,2020-08-26 14:45,2020,8,26,14:45,-82.99537428,29.16357455,Pre-Season,CR,N,5,CRN5,15,Jerald Beckham,80 x 84 -14,3,4,4
436,2020-08-26 14:46,2020,8,26,14:46,-82.99537897,29.16354898,Pre-Season,CR,N,5,CRN5,16,Jerald Beckham,80 x 84 -14,0,5,5
437,2020-08-26 14:47,2020,8,26,14:47,-82.99537486,29.16357505,Pre-Season,CR,N,5,CRN5,17,Jerald Beckham,80 x 84 -14,2,11,3
438,2020-08-26 14:48,2020,8,26,14:48,-82.99537646,29.16355443,Pre-Season,CR,N,5,CRN5,18,Jerald Beckham,80 x 84 -14,5,9,4
439,2020-08-26 14:50,2020,8,26,14:50,-82.99536539,29.16358067,Pre-Season,CR,N,5,CRN5,19,Jerald Beckham,80 x 84 -14,1,3,1
440,2020-08-26 14:51,2020,8,26,14:51,-82.99538459,29.16357849,Pre-Season,CR,N,5,CRN5,20,Jerald Beckham,80 x 84 -14,8,10,7
441,2020-08-26 14:52,2020,8,26,14:52,-82.99538601,29.16357832,Pre-Season,CR,N,5,CRN5,21,Jerald Beckham,80 x 84 -14,4,5,3
442,2020-08-26 14:53,2020,8,26,14:53,-82.99539423,29.16358938,Pre-Season,CR,N,5,CRN5,22,Jerald Beckham,80 x 84 -14,2,6,1
443,2020-08-26 14:54,2020,8,26,14:54,-82.99541292,29.16361621,Pre-Season,CR,N,5,CRN5,23,Jerald Beckham,80 x 84 -14,1,6,4
444,2020-08-26 14:55,2020,8,26,14:55,-82.99540848,29.16362325,Pre-Season,CR,N,5,CRN5,24,Jerald Beckham,80 x 84 -14,3,4,5
445,2020-08-26 14:56,2020,8,26,14:56,-82.99533681,29.16356801,Pre-Season,CR,N,5,CRN5,25,Jerald Beckham,80 x 84 -14,3,5,6
446,2020-08-26 14:57,2020,8,26,14:57,-82.99544024,29.16359257,Pre-Season,CR,N,5,CRN5,26,Jerald Beckham,80 x 84 -14,1,8,6
447,2020-08-26 14:59,2020,8,26,14:59,-82.99545424,29.16360665,Pre-Season,CR,N,5,CRN5,27,Jerald Beckham,80 x 84 -14,0,6,2
448,2020-08-26 14:59,2020,8,26,14:59,-82.99542482,29.16360397,Pre-Season,CR,N,5,CRN5,28,Jerald Beckham,80 x 84 -14,2,4,3
449,2020-08-26 15:00,2020,8,26,15:00,-82.99542407,29.16358234,Pre-Season,CR,N,5,CRN5,29,Jerald Beckham,80 x 84 -14,0,4,1
450,2020-08-26 15:02,2020,8,26,15:02,-82.99545885,29.1635774,Pre-Season,CR,N,5,CRN5,30,Jerald Beckham,80 x 84 -14,1,3,5
451,2020-08-26 15:24,2020,8,26,15:24,-82.99749054,29.15915184,Pre-Season,CR,O,6,CRO6,1,Jerald Beckham,80 x 84 -14,4,11,5
452,2020-08-26 15:26,2020,8,26,15:26,-82.99753773,29.15912217,Pre-Season,CR,O,6,CRO6,2,Jerald Beckham,80 x 84 -14,1,5,1
453,2020-08-26 15:26,2020,8,26,15:26,-82.9975353,29.15911244,Pre-Season,CR,O,6,CRO6,3,Jerald Beckham,80 x 84 -14,6,4,1
454,2020-08-26 15:27,2020,8,26,15:27,-82.99753916,29.15911806,Pre-Season,CR,O,6,CRO6,4,Jerald Beckham,80 x 84 -14,1,2,1
455,2020-08-26 15:28,2020,8,26,15:28,-82.9975519,29.15910255,Pre-Season,CR,O,6,CRO6,5,Jerald Beckham,80 x 84 -14,5,8,5
456,2020-08-26 15:29,2020,8,26,15:29,-82.99755324,29.15909384,Pre-Season,CR,O,6,CRO6,6,Jerald Beckham,80 x 84 -14,5,6,0
457,2020-08-26 15:30,2020,8,26,15:30,-82.99755693,29.15914848,Pre-Season,CR,O,6,CRO6,7,Jerald Beckham,80 x 84 -14,3,8,1
458,2020-08-26 15:31,2020,8,26,15:31,-82.99757176,29.15911856,Pre-Season,CR,O,6,CRO6,8,Jerald Beckham,80 x 84 -14,5,3,2
459,2020-08-26 15:34,2020,8,26,15:34,-82.99762541,29.15909283,Pre-Season,CR,O,6,CRO6,9,Jerald Beckham,80 x 84 -14,2,2,4
460,2020-08-26 15:35,2020,8,26,15:35,-82.99760344,29.15907414,Pre-Season,CR,O,6,CRO6,10,Jerald Beckham,80 x 84 -14,11,5,0
461,2020-08-26 15:37,2020,8,26,15:37,-82.99761753,29.15909015,Pre-Season,CR,O,6,CRO6,11,Jerald Beckham,80 x 84 -14,6,3,2
462,2020-08-26 15:37,2020,8,26,15:37,-82.99759515,29.15909216,Pre-Season,CR,O,6,CRO6,12,Jerald Beckham,80 x 84 -14,2,2,2
463,2020-08-26 15:38,2020,8,26,15:38,-82.99757629,29.159051,Pre-Season,CR,O,6,CRO6,13,Jerald Beckham,80 x 84 -14,6,8,2
464,2020-08-26 15:39,2020,8,26,15:39,-82.99764326,29.1590883,Pre-Season,CR,O,6,CRO6,14,Jerald Beckham,80 x 84 -14,3,4,4
465,2020-08-26 15:40,2020,8,26,15:40,-82.99763421,29.1590935,Pre-Season,CR,O,6,CRO6,15,Jerald Beckham,80 x 84 -14,6,11,3
466,2020-08-26 15:41,2020,8,26,15:41,-82.99761493,29.15909476,Pre-Season,CR,O,6,CRO6,16,Jerald Beckham,80 x 84 -14,4,2,1
467,2020-08-26 15:42,2020,8,26,15:42,-82.99762121,29.15909811,Pre-Season,CR,O,6,CRO6,17,Jerald Beckham,80 x 84 -14,5,3,1
468,2020-08-26 15:43,2020,8,26,15:43,-82.99761904,29.15911228,Pre-Season,CR,O,6,CRO6,18,Jerald Beckham,80 x 84 -14,5,6,2
469,2020-08-26 15:44,2020,8,26,15:44,-82.99760663,29.15910616,Pre-Season,CR,O,6,CRO6,19,Jerald Beckham,80 x 84 -14,7,10,2
470,2020-08-26 15:45,2020,8,26,15:45,-82.99760965,29.1591163,Pre-Season,CR,O,6,CRO6,20,Jerald Beckham,80 x 84 -14,11,4,1
471,2020-08-26 15:46,2020,8,26,15:46,-82.99761803,29.15909928,Pre-Season,CR,O,6,CRO6,21,Jerald Beckham,80 x 84 -14,13,4,1
472,2020-08-26 15:48,2020,8,26,15:48,-82.9975964,29.15905369,Pre-Season,CR,O,6,CRO6,22,Jerald Beckham,80 x 84 -14,8,1,0
473,2020-08-26 15:48,2020,8,26,15:48,-82.99762968,29.15906659,Pre-Season,CR,O,6,CRO6,23,Jerald Beckham,80 x 84 -14,10,6,1
474,2020-08-26 15:50,2020,8,26,15:50,-82.99763077,29.15907741,Pre-Season,CR,O,6,CRO6,24,Jerald Beckham,80 x 84 -14,10,3,2
475,2020-08-26 15:51,2020,8,26,15:51,-82.99763119,29.15908109,Pre-Season,CR,O,6,CRO6,25,Jerald Beckham,80 x 84 -14,5,4,4
476,2020-08-26 15:52,2020,8,26,15:52,-82.99763924,29.15908604,Pre-Season,CR,O,6,CRO6,26,Jerald Beckham,80 x 84 -14,9,6,3
477,2020-08-26 15:55,2020,8,26,15:55,-82.99765156,29.15907397,Pre-Season,CR,O,6,CRO6,27,Jerald Beckham,80 x 84 -14,5,7,3
478,2020-08-26 15:56,2020,8,26,15:56,-82.9976337,29.15907489,Pre-Season,CR,O,6,CRO6,28,Jerald Beckham,80 x 84 -14,1,7,3
479,2020-08-26 15:57,2020,8,26,15:57,-82.99762968,29.15910909,Pre-Season,CR,O,6,CRO6,29,Jerald Beckham,80 x 84 -14,5,4,3
480,2020-08-26 15:58,2020,8,26,15:58,-82.99763161,29.15909752,Pre-Season,CR,O,6,CRO6,30,Jerald Beckham,80 x 84 -14,1,6,2
